Session;Instrument;Reference price;Last price;+Intraday high;+ Intraday low;Number of shares traded;Capitalisation
11/12/2020;ZELLIDJA S.A;0,00;74,61;-;-;0;42740263,90
10/12/2020;ZELLIDJA S.A;0,00;74,61;-;-;0;42740263,90
09/12/2020;ZELLIDJA S.A;0,00;74,61;-;-;0;42740263,90
08/12/2020;ZELLIDJA S.A;0,00;74,61;-;-;0;42740263,90
07/12/2020;ZELLIDJA S.A;74,61;74,61;74,61;74,61;2;42740263,90
04/12/2020;ZELLIDJA S.A;0,00;76,13;-;-;0;43610994,40
03/12/2020;ZELLIDJA S.A;76,13;76,13;76,13;76,13;4;43610994,40
02/12/2020;ZELLIDJA S.A;0,00;76,13;-;-;0;43610994,40
01/12/2020;ZELLIDJA S.A;76,13;76,13;76,13;76,13;26;43610994,40
30/11/2020;ZELLIDJA S.A;77,68;77,68;77,68;77,68;15;44498910,30
27/11/2020;ZELLIDJA S.A;0,00;79,26;-;-;0;45404011,70
26/11/2020;ZELLIDJA S.A;79,26;79,26;79,26;79,26;22;45404011,70
25/11/2020;ZELLIDJA S.A;77,71;77,71;77,71;77,71;128;44516095,80
24/11/2020;ZELLIDJA S.A;0,00;77,43;-;-;0;44355698,10
23/11/2020;ZELLIDJA S.A;0,00;77,43;-;-;0;44355698,10
20/11/2020;ZELLIDJA S.A;0,00;77,43;-;-;0;44355698,10
19/11/2020;ZELLIDJA S.A;0,00;77,43;-;-;0;44355698,10
17/11/2020;ZELLIDJA S.A;0,00;77,43;-;-;0;44355698,10
16/11/2020;ZELLIDJA S.A;0,00;77,43;-;-;0;44355698,10
13/11/2020;ZELLIDJA S.A;77,43;77,43;77,43;77,43;72;44355698,10
12/11/2020;ZELLIDJA S.A;0,00;79,00;-;-;0;45255071,00
11/11/2020;ZELLIDJA S.A;0,00;79,00;-;-;0;45255071,00
10/11/2020;ZELLIDJA S.A;0,00;79,00;-;-;0;45255071,00
09/11/2020;ZELLIDJA S.A;0,00;79,00;-;-;0;45255071,00
05/11/2020;ZELLIDJA S.A;0,00;79,00;-;-;0;45255071,00
04/11/2020;ZELLIDJA S.A;0,00;79,00;-;-;0;45255071,00
03/11/2020;ZELLIDJA S.A;79,00;79,00;79,00;79,00;400;45255071,00
02/11/2020;ZELLIDJA S.A;0,00;78,00;-;-;0;44682222,00
28/10/2020;ZELLIDJA S.A;0,00;78,00;-;-;0;44682222,00
27/10/2020;ZELLIDJA S.A;0,00;78,00;-;-;0;44682222,00
26/10/2020;ZELLIDJA S.A;0,00;78,00;-;-;0;44682222,00
23/10/2020;ZELLIDJA S.A;0,00;78,00;-;-;0;44682222,00
22/10/2020;ZELLIDJA S.A;0,00;78,00;-;-;0;44682222,00
21/10/2020;ZELLIDJA S.A;0,00;78,00;-;-;0;44682222,00
20/10/2020;ZELLIDJA S.A;0,00;78,00;-;-;0;44682222,00
19/10/2020;ZELLIDJA S.A;0,00;78,00;-;-;0;44682222,00
16/10/2020;ZELLIDJA S.A;0,00;78,00;-;-;0;44682222,00
15/10/2020;ZELLIDJA S.A;78,00;78,00;78,00;78,00;48;44682222,00
14/10/2020;ZELLIDJA S.A;0,00;78,00;-;-;0;44682222,00
13/10/2020;ZELLIDJA S.A;0,00;78,00;-;-;0;44682222,00
12/10/2020;ZELLIDJA S.A;0,00;78,00;-;-;0;44682222,00
09/10/2020;ZELLIDJA S.A;0,00;78,00;-;-;0;44682222,00
08/10/2020;ZELLIDJA S.A;0,00;78,00;-;-;0;44682222,00
07/10/2020;ZELLIDJA S.A;0,00;78,00;-;-;0;44682222,00
06/10/2020;ZELLIDJA S.A;0,00;78,00;-;-;0;44682222,00
05/10/2020;ZELLIDJA S.A;0,00;78,00;-;-;0;44682222,00
02/10/2020;ZELLIDJA S.A;0,00;78,00;-;-;0;44682222,00
01/10/2020;ZELLIDJA S.A;0,00;78,00;-;-;0;44682222,00
30/09/2020;ZELLIDJA S.A;0,00;78,00;-;-;0;44682222,00
29/09/2020;ZELLIDJA S.A;78,00;78,00;78,00;78,00;40;44682222,00
28/09/2020;ZELLIDJA S.A;0,00;78,00;-;-;0;44682222,00
25/09/2020;ZELLIDJA S.A;0,00;78,00;-;-;0;44682222,00
24/09/2020;ZELLIDJA S.A;0,00;78,00;-;-;0;44682222,00
23/09/2020;ZELLIDJA S.A;0,00;78,00;-;-;0;44682222,00
22/09/2020;ZELLIDJA S.A;0,00;78,00;-;-;0;44682222,00
21/09/2020;ZELLIDJA S.A;0,00;78,00;-;-;0;44682222,00
18/09/2020;ZELLIDJA S.A;0,00;78,00;-;-;0;44682222,00
17/09/2020;ZELLIDJA S.A;0,00;78,00;-;-;0;44682222,00
16/09/2020;ZELLIDJA S.A;0,00;78,00;-;-;0;44682222,00
15/09/2020;ZELLIDJA S.A;0,00;78,00;-;-;0;44682222,00
14/09/2020;ZELLIDJA S.A;0,00;78,00;-;-;0;44682222,00
11/09/2020;ZELLIDJA S.A;0,00;78,00;-;-;0;44682222,00
10/09/2020;ZELLIDJA S.A;0,00;78,00;-;-;0;44682222,00
09/09/2020;ZELLIDJA S.A;0,00;78,00;-;-;0;44682222,00
08/09/2020;ZELLIDJA S.A;78,00;78,00;78,00;78,00;20;44682222,00
07/09/2020;ZELLIDJA S.A;0,00;78,00;-;-;0;44682222,00
04/09/2020;ZELLIDJA S.A;0,00;78,00;-;-;0;44682222,00
03/09/2020;ZELLIDJA S.A;0,00;78,00;-;-;0;44682222,00
02/09/2020;ZELLIDJA S.A;0,00;78,00;-;-;0;44682222,00
01/09/2020;ZELLIDJA S.A;0,00;78,00;-;-;0;44682222,00
31/08/2020;ZELLIDJA S.A;0,00;78,00;-;-;0;44682222,00
28/08/2020;ZELLIDJA S.A;0,00;78,00;-;-;0;44682222,00
27/08/2020;ZELLIDJA S.A;0,00;78,00;-;-;0;44682222,00
26/08/2020;ZELLIDJA S.A;78,00;78,00;78,00;78,00;20;44682222,00
25/08/2020;ZELLIDJA S.A;76,58;76,58;76,58;76,58;1;43868776,40
24/08/2020;ZELLIDJA S.A;0,00;75,08;-;-;0;43009502,90
19/08/2020;ZELLIDJA S.A;0,00;75,08;-;-;0;43009502,90
18/08/2020;ZELLIDJA S.A;0,00;75,08;-;-;0;43009502,90
17/08/2020;ZELLIDJA S.A;0,00;75,08;-;-;0;43009502,90
13/08/2020;ZELLIDJA S.A;0,00;75,08;-;-;0;43009502,90
12/08/2020;ZELLIDJA S.A;0,00;75,08;-;-;0;43009502,90
11/08/2020;ZELLIDJA S.A;0,00;75,08;-;-;0;43009502,90
10/08/2020;ZELLIDJA S.A;0,00;75,08;-;-;0;43009502,90
07/08/2020;ZELLIDJA S.A;0,00;75,08;-;-;0;43009502,90
06/08/2020;ZELLIDJA S.A;0,00;75,08;-;-;0;43009502,90
05/08/2020;ZELLIDJA S.A;0,00;75,08;-;-;0;43009502,90
04/08/2020;ZELLIDJA S.A;0,00;75,08;-;-;0;43009502,90
03/08/2020;ZELLIDJA S.A;0,00;75,08;-;-;0;43009502,90
29/07/2020;ZELLIDJA S.A;0,00;75,08;-;-;0;43009502,90
28/07/2020;ZELLIDJA S.A;0,00;75,08;-;-;0;43009502,90
27/07/2020;ZELLIDJA S.A;0,00;75,08;-;-;0;43009502,90
24/07/2020;ZELLIDJA S.A;0,00;75,08;-;-;0;43009502,90
23/07/2020;ZELLIDJA S.A;0,00;75,08;-;-;0;43009502,90
22/07/2020;ZELLIDJA S.A;75,08;75,08;75,08;75,08;102;43009502,90
21/07/2020;ZELLIDJA S.A;76,61;76,61;76,61;76,61;2;43885961,90
20/07/2020;ZELLIDJA S.A;78,17;78,17;78,17;78,17;212;44779606,30
17/07/2020;ZELLIDJA S.A;79,76;79,76;79,76;79,76;1;45690436,20
16/07/2020;ZELLIDJA S.A;81,38;81,38;81,38;81,38;1;46618451,60
15/07/2020;ZELLIDJA S.A;83,04;83,04;83,04;83,04;1;47569381,00
14/07/2020;ZELLIDJA S.A;84,73;84,73;84,73;84,73;1;48537495,80
13/07/2020;ZELLIDJA S.A;86,45;86,45;86,45;86,45;3;49522796,10
10/07/2020;ZELLIDJA S.A;88,21;88,21;88,21;88,21;2;50531010,30
09/07/2020;ZELLIDJA S.A;0,00;90,00;-;-;0;51556410,00
08/07/2020;ZELLIDJA S.A;0,00;90,00;-;-;0;51556410,00
07/07/2020;ZELLIDJA S.A;0,00;90,00;-;-;0;51556410,00
06/07/2020;ZELLIDJA S.A;0,00;90,00;-;-;0;51556410,00
03/07/2020;ZELLIDJA S.A;0,00;90,00;-;-;0;51556410,00
02/07/2020;ZELLIDJA S.A;0,00;90,00;-;-;0;51556410,00
01/07/2020;ZELLIDJA S.A;0,00;90,00;-;-;0;51556410,00
30/06/2020;ZELLIDJA S.A;0,00;90,00;-;-;0;51556410,00
29/06/2020;ZELLIDJA S.A;0,00;90,00;-;-;0;51556410,00
26/06/2020;ZELLIDJA S.A;0,00;90,00;-;-;0;51556410,00
25/06/2020;ZELLIDJA S.A;0,00;90,00;-;-;0;51556410,00
24/06/2020;ZELLIDJA S.A;0,00;90,00;-;-;0;51556410,00
23/06/2020;ZELLIDJA S.A;0,00;90,00;-;-;0;51556410,00
22/06/2020;ZELLIDJA S.A;0,00;90,00;-;-;0;51556410,00
19/06/2020;ZELLIDJA S.A;0,00;90,00;-;-;0;51556410,00
18/06/2020;ZELLIDJA S.A;0,00;90,00;-;-;0;51556410,00
17/06/2020;ZELLIDJA S.A;90,00;90,00;90,00;90,00;39;51556410,00
16/06/2020;ZELLIDJA S.A;90,00;90,00;90,00;90,00;11;51556410,00
15/06/2020;ZELLIDJA S.A;0,00;90,00;-;-;0;51556410,00
12/06/2020;ZELLIDJA S.A;90,00;90,00;90,00;90,00;150;51556410,00
11/06/2020;ZELLIDJA S.A;0,00;90,00;-;-;0;51556410,00
10/06/2020;ZELLIDJA S.A;0,00;90,00;-;-;0;51556410,00
09/06/2020;ZELLIDJA S.A;0,00;90,00;-;-;0;51556410,00
08/06/2020;ZELLIDJA S.A;0,00;90,00;-;-;0;51556410,00
05/06/2020;ZELLIDJA S.A;0,00;90,00;-;-;0;51556410,00
04/06/2020;ZELLIDJA S.A;0,00;90,00;-;-;0;51556410,00
03/06/2020;ZELLIDJA S.A;0,00;90,00;-;-;0;51556410,00
02/06/2020;ZELLIDJA S.A;90,00;90,00;90,00;90,00;99;51556410,00
01/06/2020;ZELLIDJA S.A;90,00;90,00;90,00;90,00;1;51556410,00
29/05/2020;ZELLIDJA S.A;0,00;89,65;-;-;0;51355912,90
28/05/2020;ZELLIDJA S.A;0,00;89,65;-;-;0;51355912,90
27/05/2020;ZELLIDJA S.A;89,65;89,65;89,65;89,65;225;51355912,90
26/05/2020;ZELLIDJA S.A;0,00;87,90;-;-;0;50353427,10
22/05/2020;ZELLIDJA S.A;0,00;87,90;-;-;0;50353427,10
21/05/2020;ZELLIDJA S.A;0,00;87,90;-;-;0;50353427,10
20/05/2020;ZELLIDJA S.A;0,00;87,90;-;-;0;50353427,10
19/05/2020;ZELLIDJA S.A;0,00;87,90;-;-;0;50353427,10
18/05/2020;ZELLIDJA S.A;0,00;87,90;-;-;0;50353427,10
15/05/2020;ZELLIDJA S.A;0,00;87,90;-;-;0;50353427,10
14/05/2020;ZELLIDJA S.A;0,00;87,90;-;-;0;50353427,10
13/05/2020;ZELLIDJA S.A;0,00;87,90;-;-;0;50353427,10
12/05/2020;ZELLIDJA S.A;0,00;87,90;-;-;0;50353427,10
11/05/2020;ZELLIDJA S.A;0,00;87,90;-;-;0;50353427,10
08/05/2020;ZELLIDJA S.A;0,00;87,90;-;-;0;50353427,10
07/05/2020;ZELLIDJA S.A;0,00;87,90;-;-;0;50353427,10
06/05/2020;ZELLIDJA S.A;0,00;87,90;-;-;0;50353427,10
05/05/2020;ZELLIDJA S.A;0,00;87,90;-;-;0;50353427,10
04/05/2020;ZELLIDJA S.A;0,00;87,90;-;-;0;50353427,10
30/04/2020;ZELLIDJA S.A;0,00;87,90;-;-;0;50353427,10
29/04/2020;ZELLIDJA S.A;0,00;87,90;-;-;0;50353427,10
28/04/2020;ZELLIDJA S.A;0,00;87,90;-;-;0;50353427,10
27/04/2020;ZELLIDJA S.A;0,00;87,90;-;-;0;50353427,10
24/04/2020;ZELLIDJA S.A;0,00;87,90;-;-;0;50353427,10
23/04/2020;ZELLIDJA S.A;0,00;87,90;-;-;0;50353427,10
22/04/2020;ZELLIDJA S.A;0,00;87,90;-;-;0;50353427,10
21/04/2020;ZELLIDJA S.A;0,00;87,90;-;-;0;50353427,10
20/04/2020;ZELLIDJA S.A;0,00;87,90;-;-;0;50353427,10
17/04/2020;ZELLIDJA S.A;0,00;87,90;-;-;0;50353427,10
16/04/2020;ZELLIDJA S.A;0,00;87,90;-;-;0;50353427,10
15/04/2020;ZELLIDJA S.A;0,00;87,90;-;-;0;50353427,10
14/04/2020;ZELLIDJA S.A;0,00;87,90;-;-;0;50353427,10
13/04/2020;ZELLIDJA S.A;0,00;87,90;-;-;0;50353427,10
10/04/2020;ZELLIDJA S.A;0,00;87,90;-;-;0;50353427,10
09/04/2020;ZELLIDJA S.A;0,00;87,90;-;-;0;50353427,10
08/04/2020;ZELLIDJA S.A;0,00;87,90;-;-;0;50353427,10
07/04/2020;ZELLIDJA S.A;0,00;87,90;-;-;0;50353427,10
06/04/2020;ZELLIDJA S.A;0,00;87,90;-;-;0;50353427,10
03/04/2020;ZELLIDJA S.A;0,00;87,90;-;-;0;50353427,10
02/04/2020;ZELLIDJA S.A;0,00;87,90;-;-;0;50353427,10
01/04/2020;ZELLIDJA S.A;0,00;87,90;-;-;0;50353427,10
31/03/2020;ZELLIDJA S.A;0,00;87,90;-;-;0;50353427,10
30/03/2020;ZELLIDJA S.A;0,00;87,90;-;-;0;50353427,10
27/03/2020;ZELLIDJA S.A;0,00;87,90;-;-;0;50353427,10
26/03/2020;ZELLIDJA S.A;0,00;87,90;-;-;0;50353427,10
25/03/2020;ZELLIDJA S.A;0,00;87,90;-;-;0;50353427,10
24/03/2020;ZELLIDJA S.A;87,90;87,90;87,90;87,90;6;50353427,10
23/03/2020;ZELLIDJA S.A;0,00;87,90;-;-;0;50353427,10
20/03/2020;ZELLIDJA S.A;87,90;87,90;87,90;87,90;20;50353427,10
19/03/2020;ZELLIDJA S.A;0,00;87,00;-;-;0;49837863,00
18/03/2020;ZELLIDJA S.A;87,00;87,00;87,00;87,00;40;49837863,00
17/03/2020;ZELLIDJA S.A;0,00;87,05;-;-;0;49866505,50
16/03/2020;ZELLIDJA S.A;87,05;87,05;87,05;87,05;2;49866505,50
13/03/2020;ZELLIDJA S.A;0,00;92,60;-;-;0;53045817,40
12/03/2020;ZELLIDJA S.A;92,60;92,60;92,60;92,60;5;53045817,40
11/03/2020;ZELLIDJA S.A;0,00;98,50;-;-;0;56425626,50
10/03/2020;ZELLIDJA S.A;0,00;98,50;-;-;0;56425626,50
09/03/2020;ZELLIDJA S.A;0,00;98,50;-;-;0;56425626,50
06/03/2020;ZELLIDJA S.A;0,00;98,50;-;-;0;56425626,50
05/03/2020;ZELLIDJA S.A;0,00;98,50;-;-;0;56425626,50
04/03/2020;ZELLIDJA S.A;0,00;98,50;-;-;0;56425626,50
03/03/2020;ZELLIDJA S.A;0,00;98,50;-;-;0;56425626,50
02/03/2020;ZELLIDJA S.A;0,00;98,50;-;-;0;56425626,50
28/02/2020;ZELLIDJA S.A;0,00;98,50;-;-;0;56425626,50
27/02/2020;ZELLIDJA S.A;0,00;98,50;-;-;0;56425626,50
26/02/2020;ZELLIDJA S.A;0,00;98,50;-;-;0;56425626,50
25/02/2020;ZELLIDJA S.A;0,00;98,50;-;-;0;56425626,50
24/02/2020;ZELLIDJA S.A;98,50;98,50;98,50;98,50;1;56425626,50
21/02/2020;ZELLIDJA S.A;0,00;93,00;-;-;0;53274957,00
20/02/2020;ZELLIDJA S.A;0,00;93,00;-;-;0;53274957,00
19/02/2020;ZELLIDJA S.A;0,00;93,00;-;-;0;53274957,00
18/02/2020;ZELLIDJA S.A;93,00;93,00;93,00;93,00;1000;53274957,00
17/02/2020;ZELLIDJA S.A;0,00;93,00;-;-;0;53274957,00
14/02/2020;ZELLIDJA S.A;0,00;93,00;-;-;0;53274957,00
13/02/2020;ZELLIDJA S.A;0,00;93,00;-;-;0;53274957,00
12/02/2020;ZELLIDJA S.A;93,00;93,00;93,00;93,00;4;53274957,00
11/02/2020;ZELLIDJA S.A;0,00;97,00;-;-;0;55566353,00
10/02/2020;ZELLIDJA S.A;0,00;97,00;-;-;0;55566353,00
07/02/2020;ZELLIDJA S.A;0,00;97,00;-;-;0;55566353,00
06/02/2020;ZELLIDJA S.A;0,00;97,00;-;-;0;55566353,00
05/02/2020;ZELLIDJA S.A;0,00;97,00;-;-;0;55566353,00
04/02/2020;ZELLIDJA S.A;0,00;97,00;-;-;0;55566353,00
03/02/2020;ZELLIDJA S.A;0,00;97,00;-;-;0;55566353,00
31/01/2020;ZELLIDJA S.A;97,00;97,00;97,00;97,00;5;55566353,00
30/01/2020;ZELLIDJA S.A;97,00;97,00;97,00;97,00;5;55566353,00
29/01/2020;ZELLIDJA S.A;94,00;94,00;94,00;94,00;10;53847806,00
28/01/2020;ZELLIDJA S.A;0,00;94,00;-;-;0;53847806,00
27/01/2020;ZELLIDJA S.A;0,00;94,00;-;-;0;53847806,00
24/01/2020;ZELLIDJA S.A;94,00;94,00;94,00;94,00;53;53847806,00
23/01/2020;ZELLIDJA S.A;94,01;94,01;94,01;94,01;2;53853534,50
22/01/2020;ZELLIDJA S.A;0,00;100,00;-;-;0;57284900,00
21/01/2020;ZELLIDJA S.A;0,00;100,00;-;-;0;57284900,00
20/01/2020;ZELLIDJA S.A;0,00;100,00;-;-;0;57284900,00
17/01/2020;ZELLIDJA S.A;0,00;100,00;-;-;0;57284900,00
16/01/2020;ZELLIDJA S.A;0,00;100,00;-;-;0;57284900,00
15/01/2020;ZELLIDJA S.A;0,00;100,00;-;-;0;57284900,00
14/01/2020;ZELLIDJA S.A;0,00;100,00;-;-;0;57284900,00
13/01/2020;ZELLIDJA S.A;0,00;100,00;-;-;0;57284900,00
10/01/2020;ZELLIDJA S.A;0,00;100,00;-;-;0;57284900,00
09/01/2020;ZELLIDJA S.A;100,00;100,00;100,00;100,00;21;57284900,00
08/01/2020;ZELLIDJA S.A;100,00;100,00;100,00;100,00;12;57284900,00
07/01/2020;ZELLIDJA S.A;0,00;96,98;-;-;0;55554896,00
06/01/2020;ZELLIDJA S.A;0,00;96,98;-;-;0;55554896,00
03/01/2020;ZELLIDJA S.A;0,00;96,98;-;-;0;55554896,00
02/01/2020;ZELLIDJA S.A;96,98;96,98;96,98;96,98;24;55554896,00
31/12/2019;ZELLIDJA S.A;103,15;103,15;103,15;103,15;3;59089374,40
30/12/2019;ZELLIDJA S.A;109,70;109,70;109,70;109,70;5;62841535,30
27/12/2019;ZELLIDJA S.A;116,70;116,70;116,70;116,70;2;66851478,30
26/12/2019;ZELLIDJA S.A;0,00;124,10;-;-;0;71090560,90
25/12/2019;ZELLIDJA S.A;124,10;124,10;124,10;124,10;5;71090560,90
24/12/2019;ZELLIDJA S.A;0,00;132,00;-;-;0;75616068,00
23/12/2019;ZELLIDJA S.A;0,00;132,00;-;-;0;75616068,00
20/12/2019;ZELLIDJA S.A;0,00;132,00;-;-;0;75616068,00
19/12/2019;ZELLIDJA S.A;132,00;132,00;132,00;132,00;5;75616068,00
18/12/2019;ZELLIDJA S.A;133,00;133,00;133,00;133,00;100;76188917,00
17/12/2019;ZELLIDJA S.A;141,00;141,00;141,00;141,00;5;80771709,00
16/12/2019;ZELLIDJA S.A;0,00;149,95;-;-;0;85898707,60
13/12/2019;ZELLIDJA S.A;0,00;149,95;-;-;0;85898707,60
12/12/2019;ZELLIDJA S.A;0,00;149,95;-;-;0;85898707,60
11/12/2019;ZELLIDJA S.A;0,00;149,95;-;-;0;85898707,60
10/12/2019;ZELLIDJA S.A;0,00;149,95;-;-;0;85898707,60
09/12/2019;ZELLIDJA S.A;0,00;149,95;-;-;0;85898707,60
06/12/2019;ZELLIDJA S.A;0,00;149,95;-;-;0;85898707,60
05/12/2019;ZELLIDJA S.A;0,00;149,95;-;-;0;85898707,60
04/12/2019;ZELLIDJA S.A;0,00;149,95;-;-;0;85898707,60
03/12/2019;ZELLIDJA S.A;0,00;149,95;-;-;0;85898707,60
02/12/2019;ZELLIDJA S.A;0,00;149,95;-;-;0;85898707,60
29/11/2019;ZELLIDJA S.A;0,00;149,95;-;-;0;85898707,60
28/11/2019;ZELLIDJA S.A;0,00;149,95;-;-;0;85898707,60
27/11/2019;ZELLIDJA S.A;0,00;149,95;-;-;0;85898707,60
26/11/2019;ZELLIDJA S.A;0,00;149,95;-;-;0;85898707,60
25/11/2019;ZELLIDJA S.A;0,00;149,95;-;-;0;85898707,60
22/11/2019;ZELLIDJA S.A;0,00;149,95;-;-;0;85898707,60
21/11/2019;ZELLIDJA S.A;0,00;149,95;-;-;0;85898707,60
20/11/2019;ZELLIDJA S.A;0,00;149,95;-;-;0;85898707,60
19/11/2019;ZELLIDJA S.A;0,00;149,95;-;-;0;85898707,60
15/11/2019;ZELLIDJA S.A;0,00;149,95;-;-;0;85898707,60
14/11/2019;ZELLIDJA S.A;0,00;149,95;-;-;0;85898707,60
13/11/2019;ZELLIDJA S.A;0,00;149,95;-;-;0;85898707,60
12/11/2019;ZELLIDJA S.A;0,00;149,95;-;-;0;85898707,60
08/11/2019;ZELLIDJA S.A;0,00;149,95;-;-;0;85898707,60
07/11/2019;ZELLIDJA S.A;0,00;149,95;-;-;0;85898707,60
05/11/2019;ZELLIDJA S.A;0,00;149,95;-;-;0;85898707,60
04/11/2019;ZELLIDJA S.A;149,95;149,95;149,95;149,95;12;85898707,60
01/11/2019;ZELLIDJA S.A;151,95;151,95;151,95;151,95;4;87044405,60
31/10/2019;ZELLIDJA S.A;0,00;158,80;-;-;0;90968421,20
30/10/2019;ZELLIDJA S.A;0,00;158,80;-;-;0;90968421,20
29/10/2019;ZELLIDJA S.A;0,00;158,80;-;-;0;90968421,20
28/10/2019;ZELLIDJA S.A;0,00;158,80;-;-;0;90968421,20
25/10/2019;ZELLIDJA S.A;0,00;158,80;-;-;0;90968421,20
24/10/2019;ZELLIDJA S.A;0,00;158,80;-;-;0;90968421,20
23/10/2019;ZELLIDJA S.A;0,00;158,80;-;-;0;90968421,20
22/10/2019;ZELLIDJA S.A;0,00;158,80;-;-;0;90968421,20
21/10/2019;ZELLIDJA S.A;0,00;158,80;-;-;0;90968421,20
18/10/2019;ZELLIDJA S.A;0,00;158,80;-;-;0;90968421,20
17/10/2019;ZELLIDJA S.A;0,00;158,80;-;-;0;90968421,20
16/10/2019;ZELLIDJA S.A;0,00;158,80;-;-;0;90968421,20
15/10/2019;ZELLIDJA S.A;0,00;158,80;-;-;0;90968421,20
14/10/2019;ZELLIDJA S.A;0,00;158,80;-;-;0;90968421,20
11/10/2019;ZELLIDJA S.A;0,00;158,80;-;-;0;90968421,20
10/10/2019;ZELLIDJA S.A;0,00;158,80;-;-;0;90968421,20
09/10/2019;ZELLIDJA S.A;0,00;158,80;-;-;0;90968421,20
08/10/2019;ZELLIDJA S.A;0,00;158,80;-;-;0;90968421,20
07/10/2019;ZELLIDJA S.A;0,00;158,80;-;-;0;90968421,20
04/10/2019;ZELLIDJA S.A;0,00;158,80;-;-;0;90968421,20
03/10/2019;ZELLIDJA S.A;0,00;158,80;-;-;0;90968421,20
02/10/2019;ZELLIDJA S.A;0,00;158,80;-;-;0;90968421,20
01/10/2019;ZELLIDJA S.A;0,00;158,80;-;-;0;90968421,20
30/09/2019;ZELLIDJA S.A;0,00;158,80;-;-;0;90968421,20
27/09/2019;ZELLIDJA S.A;0,00;158,80;-;-;0;90968421,20
26/09/2019;ZELLIDJA S.A;0,00;158,80;-;-;0;90968421,20
25/09/2019;ZELLIDJA S.A;0,00;158,80;-;-;0;90968421,20
24/09/2019;ZELLIDJA S.A;0,00;158,80;-;-;0;90968421,20
23/09/2019;ZELLIDJA S.A;0,00;158,80;-;-;0;90968421,20
20/09/2019;ZELLIDJA S.A;0,00;158,80;-;-;0;90968421,20
19/09/2019;ZELLIDJA S.A;0,00;158,80;-;-;0;90968421,20
18/09/2019;ZELLIDJA S.A;0,00;158,80;-;-;0;90968421,20
17/09/2019;ZELLIDJA S.A;0,00;158,80;-;-;0;90968421,20
16/09/2019;ZELLIDJA S.A;0,00;158,80;-;-;0;90968421,20
13/09/2019;ZELLIDJA S.A;0,00;158,80;-;-;0;90968421,20
12/09/2019;ZELLIDJA S.A;0,00;158,80;-;-;0;90968421,20
11/09/2019;ZELLIDJA S.A;0,00;158,80;-;-;0;90968421,20
10/09/2019;ZELLIDJA S.A;0,00;158,80;-;-;0;90968421,20
09/09/2019;ZELLIDJA S.A;0,00;158,80;-;-;0;90968421,20
06/09/2019;ZELLIDJA S.A;0,00;158,80;-;-;0;90968421,20
05/09/2019;ZELLIDJA S.A;0,00;158,80;-;-;0;90968421,20
04/09/2019;ZELLIDJA S.A;0,00;158,80;-;-;0;90968421,20
03/09/2019;ZELLIDJA S.A;0,00;158,80;-;-;0;90968421,20
02/09/2019;ZELLIDJA S.A;0,00;158,80;-;-;0;90968421,20
30/08/2019;ZELLIDJA S.A;0,00;158,80;-;-;0;90968421,20
29/08/2019;ZELLIDJA S.A;0,00;158,80;-;-;0;90968421,20
28/08/2019;ZELLIDJA S.A;0,00;158,80;-;-;0;90968421,20
27/08/2019;ZELLIDJA S.A;0,00;158,80;-;-;0;90968421,20
26/08/2019;ZELLIDJA S.A;0,00;158,80;-;-;0;90968421,20
23/08/2019;ZELLIDJA S.A;0,00;158,80;-;-;0;90968421,20
22/08/2019;ZELLIDJA S.A;0,00;158,80;-;-;0;90968421,20
19/08/2019;ZELLIDJA S.A;0,00;158,80;-;-;0;90968421,20
16/08/2019;ZELLIDJA S.A;0,00;158,80;-;-;0;90968421,20
15/08/2019;ZELLIDJA S.A;0,00;158,80;-;-;0;90968421,20
09/08/2019;ZELLIDJA S.A;0,00;158,80;-;-;0;90968421,20
08/08/2019;ZELLIDJA S.A;0,00;158,80;-;-;0;90968421,20
07/08/2019;ZELLIDJA S.A;0,00;158,80;-;-;0;90968421,20
06/08/2019;ZELLIDJA S.A;0,00;158,80;-;-;0;90968421,20
05/08/2019;ZELLIDJA S.A;0,00;158,80;-;-;0;90968421,20
02/08/2019;ZELLIDJA S.A;0,00;158,80;-;-;0;90968421,20
01/08/2019;ZELLIDJA S.A;0,00;158,80;-;-;0;90968421,20
31/07/2019;ZELLIDJA S.A;0,00;158,80;-;-;0;90968421,20
29/07/2019;ZELLIDJA S.A;0,00;158,80;-;-;0;90968421,20
26/07/2019;ZELLIDJA S.A;0,00;158,80;-;-;0;90968421,20
25/07/2019;ZELLIDJA S.A;0,00;158,80;-;-;0;90968421,20
24/07/2019;ZELLIDJA S.A;0,00;158,80;-;-;0;90968421,20
23/07/2019;ZELLIDJA S.A;0,00;158,80;-;-;0;90968421,20
22/07/2019;ZELLIDJA S.A;0,00;158,80;-;-;0;90968421,20
19/07/2019;ZELLIDJA S.A;0,00;158,80;-;-;0;90968421,20
18/07/2019;ZELLIDJA S.A;0,00;158,80;-;-;0;90968421,20
17/07/2019;ZELLIDJA S.A;0,00;158,80;-;-;0;90968421,20
16/07/2019;ZELLIDJA S.A;0,00;158,80;-;-;0;90968421,20
15/07/2019;ZELLIDJA S.A;0,00;158,80;-;-;0;90968421,20
12/07/2019;ZELLIDJA S.A;0,00;158,80;-;-;0;90968421,20
11/07/2019;ZELLIDJA S.A;0,00;158,80;-;-;0;90968421,20
10/07/2019;ZELLIDJA S.A;0,00;158,80;-;-;0;90968421,20
09/07/2019;ZELLIDJA S.A;0,00;158,80;-;-;0;90968421,20
08/07/2019;ZELLIDJA S.A;0,00;158,80;-;-;0;90968421,20
05/07/2019;ZELLIDJA S.A;0,00;158,80;-;-;0;90968421,20
04/07/2019;ZELLIDJA S.A;0,00;158,80;-;-;0;90968421,20
03/07/2019;ZELLIDJA S.A;0,00;158,80;-;-;0;90968421,20
02/07/2019;ZELLIDJA S.A;0,00;158,80;-;-;0;90968421,20
01/07/2019;ZELLIDJA S.A;0,00;158,80;-;-;0;90968421,20
28/06/2019;ZELLIDJA S.A;0,00;158,80;-;-;0;90968421,20
27/06/2019;ZELLIDJA S.A;0,00;158,80;-;-;0;90968421,20
26/06/2019;ZELLIDJA S.A;0,00;158,80;-;-;0;90968421,20
25/06/2019;ZELLIDJA S.A;0,00;158,80;-;-;0;90968421,20
24/06/2019;ZELLIDJA S.A;0,00;158,80;-;-;0;90968421,20
21/06/2019;ZELLIDJA S.A;0,00;158,80;-;-;0;90968421,20
20/06/2019;ZELLIDJA S.A;0,00;158,80;-;-;0;90968421,20
19/06/2019;ZELLIDJA S.A;0,00;158,80;-;-;0;90968421,20
18/06/2019;ZELLIDJA S.A;0,00;158,80;-;-;0;90968421,20
17/06/2019;ZELLIDJA S.A;0,00;158,80;-;-;0;90968421,20
14/06/2019;ZELLIDJA S.A;0,00;158,80;-;-;0;90968421,20
13/06/2019;ZELLIDJA S.A;0,00;158,80;-;-;0;90968421,20
12/06/2019;ZELLIDJA S.A;0,00;158,80;-;-;0;90968421,20
11/06/2019;ZELLIDJA S.A;0,00;158,80;-;-;0;90968421,20
10/06/2019;ZELLIDJA S.A;0,00;158,80;-;-;0;90968421,20
04/06/2019;ZELLIDJA S.A;0,00;158,80;-;-;0;90968421,20
03/06/2019;ZELLIDJA S.A;0,00;158,80;-;-;0;90968421,20
31/05/2019;ZELLIDJA S.A;0,00;158,80;-;-;0;90968421,20
30/05/2019;ZELLIDJA S.A;0,00;158,80;-;-;0;90968421,20
29/05/2019;ZELLIDJA S.A;0,00;158,80;-;-;0;90968421,20
28/05/2019;ZELLIDJA S.A;0,00;158,80;-;-;0;90968421,20
27/05/2019;ZELLIDJA S.A;0,00;158,80;-;-;0;90968421,20
24/05/2019;ZELLIDJA S.A;0,00;158,80;-;-;0;90968421,20
23/05/2019;ZELLIDJA S.A;0,00;158,80;-;-;0;90968421,20
22/05/2019;ZELLIDJA S.A;0,00;158,80;-;-;0;90968421,20
21/05/2019;ZELLIDJA S.A;0,00;158,80;-;-;0;90968421,20
20/05/2019;ZELLIDJA S.A;0,00;158,80;-;-;0;90968421,20
17/05/2019;ZELLIDJA S.A;0,00;158,80;-;-;0;90968421,20
16/05/2019;ZELLIDJA S.A;0,00;158,80;-;-;0;90968421,20
15/05/2019;ZELLIDJA S.A;0,00;158,80;-;-;0;90968421,20
14/05/2019;ZELLIDJA S.A;0,00;158,80;-;-;0;90968421,20
13/05/2019;ZELLIDJA S.A;0,00;158,80;-;-;0;90968421,20
10/05/2019;ZELLIDJA S.A;0,00;158,80;-;-;0;90968421,20
09/05/2019;ZELLIDJA S.A;0,00;158,80;-;-;0;90968421,20
08/05/2019;ZELLIDJA S.A;0,00;158,80;-;-;0;90968421,20
07/05/2019;ZELLIDJA S.A;0,00;158,80;-;-;0;90968421,20
06/05/2019;ZELLIDJA S.A;0,00;158,80;-;-;0;90968421,20
03/05/2019;ZELLIDJA S.A;0,00;158,80;-;-;0;90968421,20
02/05/2019;ZELLIDJA S.A;0,00;158,80;-;-;0;90968421,20
30/04/2019;ZELLIDJA S.A;0,00;158,80;-;-;0;90968421,20
29/04/2019;ZELLIDJA S.A;0,00;158,80;-;-;0;90968421,20
26/04/2019;ZELLIDJA S.A;0,00;158,80;-;-;0;90968421,20
25/04/2019;ZELLIDJA S.A;0,00;158,80;-;-;0;90968421,20
24/04/2019;ZELLIDJA S.A;0,00;158,80;-;-;0;90968421,20
23/04/2019;ZELLIDJA S.A;0,00;158,80;-;-;0;90968421,20
22/04/2019;ZELLIDJA S.A;0,00;158,80;-;-;0;90968421,20
19/04/2019;ZELLIDJA S.A;0,00;158,80;-;-;0;90968421,20
18/04/2019;ZELLIDJA S.A;0,00;158,80;-;-;0;90968421,20
17/04/2019;ZELLIDJA S.A;0,00;158,80;-;-;0;90968421,20
16/04/2019;ZELLIDJA S.A;0,00;158,80;-;-;0;90968421,20
15/04/2019;ZELLIDJA S.A;0,00;158,80;-;-;0;90968421,20
12/04/2019;ZELLIDJA S.A;0,00;158,80;-;-;0;90968421,20
11/04/2019;ZELLIDJA S.A;0,00;158,80;-;-;0;90968421,20
10/04/2019;ZELLIDJA S.A;0,00;158,80;-;-;0;90968421,20
09/04/2019;ZELLIDJA S.A;0,00;158,80;-;-;0;90968421,20
08/04/2019;ZELLIDJA S.A;0,00;158,80;-;-;0;90968421,20
05/04/2019;ZELLIDJA S.A;0,00;158,80;-;-;0;90968421,20
04/04/2019;ZELLIDJA S.A;0,00;158,80;-;-;0;90968421,20
03/04/2019;ZELLIDJA S.A;0,00;158,80;-;-;0;90968421,20
02/04/2019;ZELLIDJA S.A;0,00;158,80;-;-;0;90968421,20
01/04/2019;ZELLIDJA S.A;0,00;158,80;-;-;0;90968421,20
29/03/2019;ZELLIDJA S.A;0,00;158,80;-;-;0;90968421,20
28/03/2019;ZELLIDJA S.A;0,00;158,80;-;-;0;90968421,20
27/03/2019;ZELLIDJA S.A;0,00;158,80;-;-;0;90968421,20
26/03/2019;ZELLIDJA S.A;0,00;158,80;-;-;0;90968421,20
25/03/2019;ZELLIDJA S.A;0,00;158,80;-;-;0;90968421,20
22/03/2019;ZELLIDJA S.A;0,00;158,80;-;-;0;90968421,20
21/03/2019;ZELLIDJA S.A;0,00;158,80;-;-;0;90968421,20
20/03/2019;ZELLIDJA S.A;0,00;158,80;-;-;0;90968421,20
19/03/2019;ZELLIDJA S.A;0,00;158,80;-;-;0;90968421,20
18/03/2019;ZELLIDJA S.A;0,00;158,80;-;-;0;90968421,20
15/03/2019;ZELLIDJA S.A;0,00;158,80;-;-;0;90968421,20
14/03/2019;ZELLIDJA S.A;0,00;158,80;-;-;0;90968421,20
13/03/2019;ZELLIDJA S.A;0,00;158,80;-;-;0;90968421,20
12/03/2019;ZELLIDJA S.A;0,00;158,80;-;-;0;90968421,20
11/03/2019;ZELLIDJA S.A;0,00;158,80;-;-;0;90968421,20
08/03/2019;ZELLIDJA S.A;0,00;158,80;-;-;0;90968421,20
07/03/2019;ZELLIDJA S.A;0,00;158,80;-;-;0;90968421,20
06/03/2019;ZELLIDJA S.A;0,00;158,80;-;-;0;90968421,20
05/03/2019;ZELLIDJA S.A;0,00;158,80;-;-;0;90968421,20
04/03/2019;ZELLIDJA S.A;0,00;158,80;-;-;0;90968421,20
01/03/2019;ZELLIDJA S.A;0,00;158,80;-;-;0;90968421,20
28/02/2019;ZELLIDJA S.A;0,00;158,80;-;-;0;90968421,20
27/02/2019;ZELLIDJA S.A;0,00;158,80;-;-;0;90968421,20
26/02/2019;ZELLIDJA S.A;0,00;158,80;-;-;0;90968421,20
25/02/2019;ZELLIDJA S.A;0,00;158,80;-;-;0;90968421,20
22/02/2019;ZELLIDJA S.A;0,00;158,80;-;-;0;90968421,20
21/02/2019;ZELLIDJA S.A;0,00;158,80;-;-;0;90968421,20
20/02/2019;ZELLIDJA S.A;0,00;158,80;-;-;0;90968421,20
19/02/2019;ZELLIDJA S.A;0,00;158,80;-;-;0;90968421,20
18/02/2019;ZELLIDJA S.A;0,00;158,80;-;-;0;90968421,20
15/02/2019;ZELLIDJA S.A;0,00;158,80;-;-;0;90968421,20
14/02/2019;ZELLIDJA S.A;0,00;158,80;-;-;0;90968421,20
13/02/2019;ZELLIDJA S.A;0,00;158,80;-;-;0;90968421,20
12/02/2019;ZELLIDJA S.A;0,00;158,80;-;-;0;90968421,20
11/02/2019;ZELLIDJA S.A;0,00;158,80;-;-;0;90968421,20
08/02/2019;ZELLIDJA S.A;0,00;158,80;-;-;0;90968421,20
07/02/2019;ZELLIDJA S.A;0,00;158,80;-;-;0;90968421,20
06/02/2019;ZELLIDJA S.A;0,00;158,80;-;-;0;90968421,20
05/02/2019;ZELLIDJA S.A;0,00;158,80;-;-;0;90968421,20
04/02/2019;ZELLIDJA S.A;158,80;158,80;158,80;158,80;14;90968421,20
01/02/2019;ZELLIDJA S.A;0,00;149,90;-;-;0;85870065,10
31/01/2019;ZELLIDJA S.A;0,00;149,90;-;-;0;85870065,10
30/01/2019;ZELLIDJA S.A;0,00;149,90;-;-;0;85870065,10
29/01/2019;ZELLIDJA S.A;0,00;149,90;-;-;0;85870065,10
28/01/2019;ZELLIDJA S.A;0,00;149,90;-;-;0;85870065,10
25/01/2019;ZELLIDJA S.A;0,00;149,90;-;-;0;85870065,10
24/01/2019;ZELLIDJA S.A;0,00;149,90;-;-;0;85870065,10
23/01/2019;ZELLIDJA S.A;0,00;149,90;-;-;0;85870065,10
22/01/2019;ZELLIDJA S.A;0,00;149,90;-;-;0;85870065,10
21/01/2019;ZELLIDJA S.A;0,00;149,90;-;-;0;85870065,10
18/01/2019;ZELLIDJA S.A;0,00;149,90;-;-;0;85870065,10
17/01/2019;ZELLIDJA S.A;0,00;149,90;-;-;0;85870065,10
16/01/2019;ZELLIDJA S.A;0,00;149,90;-;-;0;85870065,10
15/01/2019;ZELLIDJA S.A;0,00;149,90;-;-;0;85870065,10
14/01/2019;ZELLIDJA S.A;0,00;149,90;-;-;0;85870065,10
10/01/2019;ZELLIDJA S.A;0,00;149,90;-;-;0;85870065,10
09/01/2019;ZELLIDJA S.A;0,00;149,90;-;-;0;85870065,10
08/01/2019;ZELLIDJA S.A;0,00;149,90;-;-;0;85870065,10
07/01/2019;ZELLIDJA S.A;0,00;149,90;-;-;0;85870065,10
04/01/2019;ZELLIDJA S.A;0,00;149,90;-;-;0;85870065,10
03/01/2019;ZELLIDJA S.A;0,00;149,90;-;-;0;85870065,10
02/01/2019;ZELLIDJA S.A;0,00;149,90;-;-;0;85870065,10
31/12/2018;ZELLIDJA S.A;0,00;149,90;-;-;0;85870065,10
28/12/2018;ZELLIDJA S.A;0,00;149,90;-;-;0;85870065,10
27/12/2018;ZELLIDJA S.A;0,00;149,90;-;-;0;85870065,10
26/12/2018;ZELLIDJA S.A;0,00;149,90;-;-;0;85870065,10
25/12/2018;ZELLIDJA S.A;0,00;149,90;-;-;0;85870065,10
24/12/2018;ZELLIDJA S.A;0,00;149,90;-;-;0;85870065,10
21/12/2018;ZELLIDJA S.A;0,00;149,90;-;-;0;85870065,10
20/12/2018;ZELLIDJA S.A;0,00;149,90;-;-;0;85870065,10
19/12/2018;ZELLIDJA S.A;0,00;149,90;-;-;0;85870065,10
18/12/2018;ZELLIDJA S.A;0,00;149,90;-;-;0;85870065,10
17/12/2018;ZELLIDJA S.A;0,00;149,90;-;-;0;85870065,10
14/12/2018;ZELLIDJA S.A;0,00;149,90;-;-;0;85870065,10
13/12/2018;ZELLIDJA S.A;0,00;149,90;-;-;0;85870065,10
12/12/2018;ZELLIDJA S.A;0,00;149,90;-;-;0;85870065,10
11/12/2018;ZELLIDJA S.A;0,00;149,90;-;-;0;85870065,10
10/12/2018;ZELLIDJA S.A;0,00;149,90;-;-;0;85870065,10
07/12/2018;ZELLIDJA S.A;0,00;149,90;-;-;0;85870065,10
06/12/2018;ZELLIDJA S.A;0,00;149,90;-;-;0;85870065,10
05/12/2018;ZELLIDJA S.A;0,00;149,90;-;-;0;85870065,10
04/12/2018;ZELLIDJA S.A;0,00;149,90;-;-;0;85870065,10
03/12/2018;ZELLIDJA S.A;0,00;149,90;-;-;0;85870065,10
30/11/2018;ZELLIDJA S.A;0,00;149,90;-;-;0;85870065,10
29/11/2018;ZELLIDJA S.A;0,00;149,90;-;-;0;85870065,10
28/11/2018;ZELLIDJA S.A;0,00;149,90;-;-;0;85870065,10
27/11/2018;ZELLIDJA S.A;0,00;149,90;-;-;0;85870065,10
26/11/2018;ZELLIDJA S.A;0,00;149,90;-;-;0;85870065,10
23/11/2018;ZELLIDJA S.A;0,00;149,90;-;-;0;85870065,10
22/11/2018;ZELLIDJA S.A;0,00;149,90;-;-;0;85870065,10
19/11/2018;ZELLIDJA S.A;0,00;149,90;-;-;0;85870065,10
16/11/2018;ZELLIDJA S.A;0,00;149,90;-;-;0;85870065,10
15/11/2018;ZELLIDJA S.A;0,00;149,90;-;-;0;85870065,10
14/11/2018;ZELLIDJA S.A;0,00;149,90;-;-;0;85870065,10
13/11/2018;ZELLIDJA S.A;0,00;149,90;-;-;0;85870065,10
12/11/2018;ZELLIDJA S.A;0,00;149,90;-;-;0;85870065,10
09/11/2018;ZELLIDJA S.A;0,00;149,90;-;-;0;85870065,10
08/11/2018;ZELLIDJA S.A;0,00;149,90;-;-;0;85870065,10
07/11/2018;ZELLIDJA S.A;149,90;149,90;149,90;149,90;2;85870065,10
05/11/2018;ZELLIDJA S.A;0,00;142,95;-;-;0;81888764,60
02/11/2018;ZELLIDJA S.A;0,00;142,95;-;-;0;81888764,60
01/11/2018;ZELLIDJA S.A;0,00;142,95;-;-;0;81888764,60
31/10/2018;ZELLIDJA S.A;0,00;142,95;-;-;0;81888764,60
30/10/2018;ZELLIDJA S.A;0,00;142,95;-;-;0;81888764,60
29/10/2018;ZELLIDJA S.A;0,00;142,95;-;-;0;81888764,60
26/10/2018;ZELLIDJA S.A;0,00;142,95;-;-;0;81888764,60
25/10/2018;ZELLIDJA S.A;0,00;142,95;-;-;0;81888764,60
24/10/2018;ZELLIDJA S.A;0,00;142,95;-;-;0;81888764,60
23/10/2018;ZELLIDJA S.A;0,00;142,95;-;-;0;81888764,60
22/10/2018;ZELLIDJA S.A;0,00;142,95;-;-;0;81888764,60
19/10/2018;ZELLIDJA S.A;0,00;142,95;-;-;0;81888764,60
18/10/2018;ZELLIDJA S.A;0,00;142,95;-;-;0;81888764,60
17/10/2018;ZELLIDJA S.A;0,00;142,95;-;-;0;81888764,60
16/10/2018;ZELLIDJA S.A;0,00;142,95;-;-;0;81888764,60
15/10/2018;ZELLIDJA S.A;142,95;142,95;142,95;142,95;11;81888764,60
12/10/2018;ZELLIDJA S.A;0,00;134,95;-;-;0;77305972,60
11/10/2018;ZELLIDJA S.A;134,95;134,95;134,95;134,95;8;77305972,60
10/10/2018;ZELLIDJA S.A;0,00;130,00;-;-;0;74470370,00
09/10/2018;ZELLIDJA S.A;0,00;130,00;-;-;0;74470370,00
08/10/2018;ZELLIDJA S.A;0,00;130,00;-;-;0;74470370,00
05/10/2018;ZELLIDJA S.A;0,00;130,00;-;-;0;74470370,00
04/10/2018;ZELLIDJA S.A;0,00;130,00;-;-;0;74470370,00
03/10/2018;ZELLIDJA S.A;0,00;130,00;-;-;0;74470370,00
02/10/2018;ZELLIDJA S.A;0,00;130,00;-;-;0;74470370,00
01/10/2018;ZELLIDJA S.A;0,00;130,00;-;-;0;74470370,00
28/09/2018;ZELLIDJA S.A;0,00;130,00;-;-;0;74470370,00
27/09/2018;ZELLIDJA S.A;0,00;130,00;-;-;0;74470370,00
26/09/2018;ZELLIDJA S.A;0,00;130,00;-;-;0;74470370,00
25/09/2018;ZELLIDJA S.A;0,00;130,00;-;-;0;74470370,00
24/09/2018;ZELLIDJA S.A;130,00;130,00;130,00;130,00;2;74470370,00
21/09/2018;ZELLIDJA S.A;0,00;126,85;-;-;0;72665895,70
20/09/2018;ZELLIDJA S.A;126,85;126,85;126,85;126,85;3;72665895,70
19/09/2018;ZELLIDJA S.A;0,00;134,90;-;-;0;77277330,10
18/09/2018;ZELLIDJA S.A;0,00;134,90;-;-;0;77277330,10
17/09/2018;ZELLIDJA S.A;134,90;134,90;134,90;134,90;19;77277330,10
14/09/2018;ZELLIDJA S.A;0,00;130,00;-;-;0;74470370,00
13/09/2018;ZELLIDJA S.A;0,00;130,00;-;-;0;74470370,00
12/09/2018;ZELLIDJA S.A;0,00;130,00;-;-;0;74470370,00
10/09/2018;ZELLIDJA S.A;0,00;130,00;-;-;0;74470370,00
07/09/2018;ZELLIDJA S.A;0,00;130,00;-;-;0;74470370,00
06/09/2018;ZELLIDJA S.A;0,00;130,00;-;-;0;74470370,00
05/09/2018;ZELLIDJA S.A;130,00;130,00;130,00;130,00;2;74470370,00
04/09/2018;ZELLIDJA S.A;124,70;124,70;124,70;124,70;2;71434270,30
03/09/2018;ZELLIDJA S.A;117,80;117,80;117,80;117,80;13;67481612,20
31/08/2018;ZELLIDJA S.A;111,20;111,20;111,20;111,20;11;63700808,80
30/08/2018;ZELLIDJA S.A;105,00;105,00;105,00;105,00;1;60149145,00
29/08/2018;ZELLIDJA S.A;102,80;102,80;102,80;102,80;2;58888877,20
28/08/2018;ZELLIDJA S.A;0,00;97,00;-;-;0;55566353,00
27/08/2018;ZELLIDJA S.A;0,00;97,00;-;-;0;55566353,00
24/08/2018;ZELLIDJA S.A;0,00;97,00;-;-;0;55566353,00
17/08/2018;ZELLIDJA S.A;0,00;97,00;-;-;0;55566353,00
16/08/2018;ZELLIDJA S.A;0,00;97,00;-;-;0;55566353,00
15/08/2018;ZELLIDJA S.A;0,00;97,00;-;-;0;55566353,00
13/08/2018;ZELLIDJA S.A;0,00;97,00;-;-;0;55566353,00
10/08/2018;ZELLIDJA S.A;0,00;97,00;-;-;0;55566353,00
09/08/2018;ZELLIDJA S.A;0,00;97,00;-;-;0;55566353,00
08/08/2018;ZELLIDJA S.A;0,00;97,00;-;-;0;55566353,00
07/08/2018;ZELLIDJA S.A;0,00;97,00;-;-;0;55566353,00
06/08/2018;ZELLIDJA S.A;97,00;97,00;97,00;97,00;30;55566353,00
03/08/2018;ZELLIDJA S.A;0,00;103,05;-;-;0;59032089,50
02/08/2018;ZELLIDJA S.A;103,05;103,05;103,05;103,05;2;59032089,50
01/08/2018;ZELLIDJA S.A;0,00;97,28;-;-;0;55726750,70
31/07/2018;ZELLIDJA S.A;97,28;97,28;97,28;97,28;100;55726750,70
27/07/2018;ZELLIDJA S.A;0,00;91,78;-;-;0;52576081,20
26/07/2018;ZELLIDJA S.A;0,00;91,78;-;-;0;52576081,20
25/07/2018;ZELLIDJA S.A;0,00;91,78;-;-;0;52576081,20
24/07/2018;ZELLIDJA S.A;91,78;91,78;91,78;91,78;2;52576081,20
23/07/2018;ZELLIDJA S.A;0,00;86,60;-;-;0;49608723,40
20/07/2018;ZELLIDJA S.A;0,00;86,60;-;-;0;49608723,40
19/07/2018;ZELLIDJA S.A;0,00;86,60;-;-;0;49608723,40
18/07/2018;ZELLIDJA S.A;0,00;86,60;-;-;0;49608723,40
17/07/2018;ZELLIDJA S.A;0,00;86,60;-;-;0;49608723,40
16/07/2018;ZELLIDJA S.A;0,00;86,60;-;-;0;49608723,40
13/07/2018;ZELLIDJA S.A;0,00;86,60;-;-;0;49608723,40
12/07/2018;ZELLIDJA S.A;0,00;86,60;-;-;0;49608723,40
11/07/2018;ZELLIDJA S.A;0,00;86,60;-;-;0;49608723,40
10/07/2018;ZELLIDJA S.A;0,00;86,60;-;-;0;49608723,40
09/07/2018;ZELLIDJA S.A;0,00;86,60;-;-;0;49608723,40
06/07/2018;ZELLIDJA S.A;0,00;86,60;-;-;0;49608723,40
05/07/2018;ZELLIDJA S.A;0,00;86,60;-;-;0;49608723,40
04/07/2018;ZELLIDJA S.A;0,00;86,60;-;-;0;49608723,40
03/07/2018;ZELLIDJA S.A;0,00;86,60;-;-;0;49608723,40
02/07/2018;ZELLIDJA S.A;0,00;86,60;-;-;0;49608723,40
29/06/2018;ZELLIDJA S.A;0,00;86,60;-;-;0;49608723,40
28/06/2018;ZELLIDJA S.A;0,00;86,60;-;-;0;49608723,40
27/06/2018;ZELLIDJA S.A;0,00;86,60;-;-;0;49608723,40
26/06/2018;ZELLIDJA S.A;0,00;86,60;-;-;0;49608723,40
25/06/2018;ZELLIDJA S.A;0,00;86,60;-;-;0;49608723,40
22/06/2018;ZELLIDJA S.A;86,60;86,60;86,60;86,60;37;49608723,40
21/06/2018;ZELLIDJA S.A;91,91;91,91;91,91;91,91;36;52650551,60
20/06/2018;ZELLIDJA S.A;0,00;97,77;-;-;0;56007446,70
19/06/2018;ZELLIDJA S.A;0,00;97,77;-;-;0;56007446,70
18/06/2018;ZELLIDJA S.A;0,00;97,77;-;-;0;56007446,70
14/06/2018;ZELLIDJA S.A;97,77;97,77;97,77;97,77;85;56007446,70
13/06/2018;ZELLIDJA S.A;0,00;104,00;-;-;0;59576296,00
12/06/2018;ZELLIDJA S.A;104,00;104,00;104,00;104,00;92;59576296,00
11/06/2018;ZELLIDJA S.A;110,60;110,60;110,60;110,60;68;63357099,40
08/06/2018;ZELLIDJA S.A;0,00;117,65;-;-;0;67395684,90
07/06/2018;ZELLIDJA S.A;0,00;117,65;-;-;0;67395684,90
06/06/2018;ZELLIDJA S.A;0,00;117,65;-;-;0;67395684,90
05/06/2018;ZELLIDJA S.A;0,00;117,65;-;-;0;67395684,90
04/06/2018;ZELLIDJA S.A;0,00;117,65;-;-;0;67395684,90
01/06/2018;ZELLIDJA S.A;0,00;117,65;-;-;0;67395684,90
31/05/2018;ZELLIDJA S.A;0,00;117,65;-;-;0;67395684,90
30/05/2018;ZELLIDJA S.A;0,00;117,65;-;-;0;67395684,90
29/05/2018;ZELLIDJA S.A;0,00;117,65;-;-;0;67395684,90
28/05/2018;ZELLIDJA S.A;0,00;117,65;-;-;0;67395684,90
25/05/2018;ZELLIDJA S.A;0,00;117,65;-;-;0;67395684,90
24/05/2018;ZELLIDJA S.A;0,00;117,65;-;-;0;67395684,90
23/05/2018;ZELLIDJA S.A;0,00;117,65;-;-;0;67395684,90
22/05/2018;ZELLIDJA S.A;0,00;117,65;-;-;0;67395684,90
21/05/2018;ZELLIDJA S.A;0,00;117,65;-;-;0;67395684,90
18/05/2018;ZELLIDJA S.A;0,00;117,65;-;-;0;67395684,90
17/05/2018;ZELLIDJA S.A;0,00;117,65;-;-;0;67395684,90
16/05/2018;ZELLIDJA S.A;0,00;117,65;-;-;0;67395684,90
15/05/2018;ZELLIDJA S.A;0,00;117,65;-;-;0;67395684,90
14/05/2018;ZELLIDJA S.A;0,00;117,65;-;-;0;67395684,90
11/05/2018;ZELLIDJA S.A;0,00;117,65;-;-;0;67395684,90
10/05/2018;ZELLIDJA S.A;117,65;117,65;117,65;117,65;1;67395684,90
09/05/2018;ZELLIDJA S.A;0,00;111,00;-;-;0;63586239,00
08/05/2018;ZELLIDJA S.A;0,00;111,00;-;-;0;63586239,00
07/05/2018;ZELLIDJA S.A;0,00;111,00;-;-;0;63586239,00
04/05/2018;ZELLIDJA S.A;111,00;111,00;111,00;111,00;2;63586239,00
03/05/2018;ZELLIDJA S.A;0,00;110,85;-;-;0;63500311,70
02/05/2018;ZELLIDJA S.A;110,85;110,85;110,85;110,85;20;63500311,70
30/04/2018;ZELLIDJA S.A;0,00;117,90;-;-;0;67538897,10
27/04/2018;ZELLIDJA S.A;0,00;117,90;-;-;0;67538897,10
26/04/2018;ZELLIDJA S.A;0,00;117,90;-;-;0;67538897,10
25/04/2018;ZELLIDJA S.A;117,90;117,90;117,90;117,90;2;67538897,10
24/04/2018;ZELLIDJA S.A;0,00;111,25;-;-;0;63729451,30
23/04/2018;ZELLIDJA S.A;0,00;111,25;-;-;0;63729451,30
20/04/2018;ZELLIDJA S.A;0,00;111,25;-;-;0;63729451,30
19/04/2018;ZELLIDJA S.A;111,25;111,25;111,25;111,25;159;63729451,30
18/04/2018;ZELLIDJA S.A;117,55;117,55;117,55;117,55;131;67338400,00
17/04/2018;ZELLIDJA S.A;125,05;125,05;125,05;125,05;58;71634767,50
16/04/2018;ZELLIDJA S.A;133,00;133,00;133,00;133,00;19;76188917,00
13/04/2018;ZELLIDJA S.A;141,45;141,45;141,45;141,45;18;81029491,10
12/04/2018;ZELLIDJA S.A;150,45;150,45;150,45;150,45;17;86185132,10
11/04/2018;ZELLIDJA S.A;0,00;160,00;-;-;0;91655840,00
10/04/2018;ZELLIDJA S.A;0,00;160,00;-;-;0;91655840,00
09/04/2018;ZELLIDJA S.A;0,00;160,00;-;-;0;91655840,00
06/04/2018;ZELLIDJA S.A;0,00;160,00;-;-;0;91655840,00
05/04/2018;ZELLIDJA S.A;0,00;160,00;-;-;0;91655840,00
04/04/2018;ZELLIDJA S.A;0,00;160,00;-;-;0;91655840,00
03/04/2018;ZELLIDJA S.A;0,00;160,00;-;-;0;91655840,00
02/04/2018;ZELLIDJA S.A;0,00;160,00;-;-;0;91655840,00
30/03/2018;ZELLIDJA S.A;0,00;160,00;-;-;0;91655840,00
29/03/2018;ZELLIDJA S.A;0,00;160,00;-;-;0;91655840,00
28/03/2018;ZELLIDJA S.A;0,00;160,00;-;-;0;91655840,00
27/03/2018;ZELLIDJA S.A;0,00;160,00;-;-;0;91655840,00
26/03/2018;ZELLIDJA S.A;0,00;160,00;-;-;0;91655840,00
23/03/2018;ZELLIDJA S.A;0,00;160,00;-;-;0;91655840,00
22/03/2018;ZELLIDJA S.A;0,00;160,00;-;-;0;91655840,00
21/03/2018;ZELLIDJA S.A;0,00;160,00;-;-;0;91655840,00
20/03/2018;ZELLIDJA S.A;0,00;160,00;-;-;0;91655840,00
19/03/2018;ZELLIDJA S.A;0,00;160,00;-;-;0;91655840,00
16/03/2018;ZELLIDJA S.A;0,00;160,00;-;-;0;91655840,00
15/03/2018;ZELLIDJA S.A;0,00;160,00;-;-;0;91655840,00
14/03/2018;ZELLIDJA S.A;0,00;160,00;-;-;0;91655840,00
13/03/2018;ZELLIDJA S.A;0,00;160,00;-;-;0;91655840,00
12/03/2018;ZELLIDJA S.A;0,00;160,00;-;-;0;91655840,00
09/03/2018;ZELLIDJA S.A;0,00;160,00;-;-;0;91655840,00
08/03/2018;ZELLIDJA S.A;0,00;160,00;-;-;0;91655840,00
07/03/2018;ZELLIDJA S.A;0,00;160,00;-;-;0;91655840,00
06/03/2018;ZELLIDJA S.A;0,00;160,00;-;-;0;91655840,00
05/03/2018;ZELLIDJA S.A;0,00;160,00;-;-;0;91655840,00
02/03/2018;ZELLIDJA S.A;0,00;160,00;-;-;0;91655840,00
01/03/2018;ZELLIDJA S.A;0,00;160,00;-;-;0;91655840,00
28/02/2018;ZELLIDJA S.A;0,00;160,00;-;-;0;91655840,00
27/02/2018;ZELLIDJA S.A;0,00;160,00;-;-;0;91655840,00
26/02/2018;ZELLIDJA S.A;0,00;160,00;-;-;0;91655840,00
23/02/2018;ZELLIDJA S.A;0,00;160,00;-;-;0;91655840,00
22/02/2018;ZELLIDJA S.A;0,00;160,00;-;-;0;91655840,00
21/02/2018;ZELLIDJA S.A;0,00;160,00;-;-;0;91655840,00
20/02/2018;ZELLIDJA S.A;160,00;160,00;160,00;160,00;1;91655840,00
19/02/2018;ZELLIDJA S.A;0,00;155,70;-;-;0;89192589,30
16/02/2018;ZELLIDJA S.A;0,00;155,70;-;-;0;89192589,30
15/02/2018;ZELLIDJA S.A;0,00;155,70;-;-;0;89192589,30
14/02/2018;ZELLIDJA S.A;0,00;155,70;-;-;0;89192589,30
13/02/2018;ZELLIDJA S.A;0,00;155,70;-;-;0;89192589,30
12/02/2018;ZELLIDJA S.A;0,00;155,70;-;-;0;89192589,30
09/02/2018;ZELLIDJA S.A;0,00;155,70;-;-;0;89192589,30
08/02/2018;ZELLIDJA S.A;0,00;155,70;-;-;0;89192589,30
07/02/2018;ZELLIDJA S.A;0,00;155,70;-;-;0;89192589,30
06/02/2018;ZELLIDJA S.A;0,00;155,70;-;-;0;89192589,30
05/02/2018;ZELLIDJA S.A;0,00;155,70;-;-;0;89192589,30
02/02/2018;ZELLIDJA S.A;155,70;155,70;155,70;155,70;20;89192589,30
01/02/2018;ZELLIDJA S.A;0,00;156,40;-;-;0;89593583,60
31/01/2018;ZELLIDJA S.A;0,00;156,40;-;-;0;89593583,60
30/01/2018;ZELLIDJA S.A;0,00;156,40;-;-;0;89593583,60
29/01/2018;ZELLIDJA S.A;0,00;156,40;-;-;0;89593583,60
26/01/2018;ZELLIDJA S.A;156,40;156,40;156,40;156,40;1;89593583,60
25/01/2018;ZELLIDJA S.A;0,00;147,60;-;-;0;84552512,40
24/01/2018;ZELLIDJA S.A;147,60;147,60;147,60;147,60;2;84552512,40
23/01/2018;ZELLIDJA S.A;0,00;139,25;-;-;0;79769223,30
22/01/2018;ZELLIDJA S.A;0,00;139,25;-;-;0;79769223,30
19/01/2018;ZELLIDJA S.A;0,00;139,25;-;-;0;79769223,30
18/01/2018;ZELLIDJA S.A;0,00;139,25;-;-;0;79769223,30
17/01/2018;ZELLIDJA S.A;139,25;139,25;139,25;139,25;19;79769223,30
16/01/2018;ZELLIDJA S.A;0,00;148,10;-;-;0;84838936,90
15/01/2018;ZELLIDJA S.A;0,00;148,10;-;-;0;84838936,90
12/01/2018;ZELLIDJA S.A;0,00;148,10;-;-;0;84838936,90
10/01/2018;ZELLIDJA S.A;0,00;148,10;-;-;0;84838936,90
09/01/2018;ZELLIDJA S.A;0,00;148,10;-;-;0;84838936,90
08/01/2018;ZELLIDJA S.A;0,00;148,10;-;-;0;84838936,90
05/01/2018;ZELLIDJA S.A;0,00;148,10;-;-;0;84838936,90
04/01/2018;ZELLIDJA S.A;0,00;148,10;-;-;0;84838936,90
03/01/2018;ZELLIDJA S.A;0,00;148,10;-;-;0;84838936,90
02/01/2018;ZELLIDJA S.A;0,00;148,10;-;-;0;84838936,90
